enc1,enc2,bottleneck,fit_params,best_val_loss,last_train_loss,modelo,params,0,1,accuracy,macro avg,weighted avg
128,64,8,"{'epochs': 20, 'batch_size': 256, 'validation_split': 0.1, 'verbose': 0}",0.11350682377815247,0.11474540829658508,RandomForest,"{'max_depth': None, 'n_estimators': 100}","{'precision': 0.9994843850706041, 'recall': 0.9999531039334076, 'f1-score': 0.9997186895622107, 'support': 85295.0}","{'precision': 0.9629629629629629, 'recall': 0.7027027027027027, 'f1-score': 0.8125, 'support': 148.0}",0.9994382219725431,"{'precision': 0.9812236740167835, 'recall': 0.8513279033180552, 'f1-score': 0.9061093447811053, 'support': 85443.0}","{'precision': 0.9994211245288169, 'recall': 0.9994382219725431, 'f1-score': 0.9993943989116576, 'support': 85443.0}"
128,64,8,"{'epochs': 20, 'batch_size': 256, 'validation_split': 0.1, 'verbose': 0}",0.11350682377815247,0.11474540829658508,RandomForest,"{'max_depth': None, 'n_estimators': 200}","{'precision': 0.9994726541900554, 'recall': 0.9999179318834632, 'f1-score': 0.999695243453595, 'support': 85295.0}","{'precision': 0.9363636363636364, 'recall': 0.6959459459459459, 'f1-score': 0.7984496124031008, 'support': 148.0}",0.9993914071369217,"{'precision': 0.9679181452768459, 'recall': 0.8479319389147046, 'f1-score': 0.8990724279283479, 'support': 85443.0}","{'precision': 0.9993633399731118, 'recall': 0.9993914071369217, 'f1-score': 0.9993466560515203, 'support': 85443.0}"
128,64,8,"{'epochs': 20, 'batch_size': 256, 'validation_split': 0.1, 'verbose': 0}",0.11350682377815247,0.11474540829658508,RandomForest,"{'max_depth': 10, 'n_estimators': 100}","{'precision': 0.9995896449842893, 'recall': 0.9995544873673721, 'f1-score': 0.9995720658666839, 'support': 85295.0}","{'precision': 0.7483443708609272, 'recall': 0.7635135135135135, 'f1-score': 0.7558528428093646, 'support': 148.0}",0.9991456292499094,"{'precision': 0.8739670079226083, 'recall': 0.8815340004404428, 'f1-score': 0.8777124543380243, 'support': 85443.0}","{'precision': 0.9991544507545658, 'recall': 0.9991456292499094, 'f1-score': 0.9991499078781714, 'support': 85443.0}"
128,64,8,"{'epochs': 20, 'batch_size': 256, 'validation_split': 0.1, 'verbose': 0}",0.11350682377815247,0.11474540829658508,RandomForest,"{'max_depth': 10, 'n_estimators': 200}","{'precision': 0.9995896546064201, 'recall': 0.9995779354006683, 'f1-score': 0.9995837949691949, 'support': 85295.0}","{'precision': 0.7583892617449665, 'recall': 0.7635135135135135, 'f1-score': 0.7609427609427609, 'support': 148.0}",0.99916903666772,"{'precision': 0.8789894581756933, 'recall': 0.8815457244570909, 'f1-score': 0.8802632779559779, 'support': 85443.0}","{'precision': 0.9991718596069059, 'recall': 0.99916903666772, 'f1-score': 0.9991704331603175, 'support': 85443.0}"
128,64,8,"{'epochs': 20, 'batch_size': 256, 'validation_split': 0.1, 'verbose': 0}",0.11350682377815247,0.11474540829658508,RandomForest,"{'max_depth': 20, 'n_estimators': 100}","{'precision': 0.9995077644301201, 'recall': 0.9998593118002228, 'f1-score': 0.9996835072090025, 'support': 85295.0}","{'precision': 0.8983050847457628, 'recall': 0.7162162162162162, 'f1-score': 0.7969924812030075, 'support': 148.0}",0.9993679997191109,"{'precision': 0.9489064245879415, 'recall': 0.8580377640082195, 'f1-score': 0.898337994206005, 'support': 85443.0}","{'precision': 0.9993324663180071, 'recall': 0.9993679997191109, 'f1-score': 0.9993324161676195, 'support': 85443.0}"
128,64,8,"{'epochs': 20, 'batch_size': 256, 'validation_split': 0.1, 'verbose': 0}",0.11350682377815247,0.11474540829658508,RandomForest,"{'max_depth': 20, 'n_estimators': 200}","{'precision': 0.9995077644301201, 'recall': 0.9998593118002228, 'f1-score': 0.9996835072090025, 'support': 85295.0}","{'precision': 0.8983050847457628, 'recall': 0.7162162162162162, 'f1-score': 0.7969924812030075, 'support': 148.0}",0.9993679997191109,"{'precision': 0.9489064245879415, 'recall': 0.8580377640082195, 'f1-score': 0.898337994206005, 'support': 85443.0}","{'precision': 0.9993324663180071, 'recall': 0.9993679997191109, 'f1-score': 0.9993324161676195, 'support': 85443.0}"
128,64,8,"{'epochs': 20, 'batch_size': 256, 'validation_split': 0.1, 'verbose': 0}",0.11350682377815247,0.11474540829658508,ExtraTrees,"{'max_depth': None, 'n_estimators': 100}","{'precision': 0.9995195124809563, 'recall': 0.9999296559001114, 'f1-score': 0.9997245421245421, 'support': 85295.0}","{'precision': 0.9469026548672567, 'recall': 0.722972972972973, 'f1-score': 0.8199233716475096, 'support': 148.0}",0.9994499256814484,"{'precision': 0.9732110836741065, 'recall': 0.8614513144365422, 'f1-score': 0.9098239568860258, 'support': 85443.0}","{'precision': 0.9994283722479725, 'recall': 0.9994499256814484, 'f1-score': 0.9994130997216466, 'support': 85443.0}"
128,64,8,"{'epochs': 20, 'batch_size': 256, 'validation_split': 0.1, 'verbose': 0}",0.11350682377815247,0.11474540829658508,ExtraTrees,"{'max_depth': None, 'n_estimators': 200}","{'precision': 0.99950779904138, 'recall': 0.9999296559001114, 'f1-score': 0.9997186829674258, 'support': 85295.0}","{'precision': 0.9464285714285714, 'recall': 0.7162162162162162, 'f1-score': 0.8153846153846154, 'support': 148.0}",0.9994382219725431,"{'precision': 0.9729681852349756, 'recall': 0.8580729360581638, 'f1-score': 0.9075516491760206, 'support': 85443.0}","{'precision': 0.9994158579147026, 'recall': 0.9994382219725431, 'f1-score': 0.9993993889117132, 'support': 85443.0}"
128,64,8,"{'epochs': 20, 'batch_size': 256, 'validation_split': 0.1, 'verbose': 0}",0.11350682377815247,0.11474540829658508,ExtraTrees,"{'max_depth': 10, 'n_estimators': 100}","{'precision': 0.9996244351857285, 'recall': 0.9985696699689314, 'f1-score': 0.9990967741935484, 'support': 85295.0}","{'precision': 0.48739495798319327, 'recall': 0.7837837837837838, 'f1-score': 0.6010362694300518, 'support': 148.0}",0.9981976288285758,"{'precision': 0.7435096965844609, 'recall': 0.8911767268763575, 'f1-score': 0.8000665218118002, 'support': 85443.0}","{'precision': 0.9987371774510285, 'recall': 0.9981976288285758, 'f1-score': 0.9984072741209268, 'support': 85443.0}"
128,64,8,"{'epochs': 20, 'batch_size': 256, 'validation_split': 0.1, 'verbose': 0}",0.11350682377815247,0.11474540829658508,ExtraTrees,"{'max_depth': 10, 'n_estimators': 200}","{'precision': 0.999624514508994, 'recall': 0.9987807022685973, 'f1-score': 0.9992024302419686, 'support': 85295.0}","{'precision': 0.5272727272727272, 'recall': 0.7837837837837838, 'f1-score': 0.6304347826086957, 'support': 148.0}",0.9984082955888721,"{'precision': 0.7634486208908606, 'recall': 0.8912822430261905, 'f1-score': 0.8148186064253322, 'support': 85443.0}","{'precision': 0.998806330871821, 'recall': 0.9984082955888721, 'f1-score': 0.9985636697601301, 'support': 85443.0}"
128,64,8,"{'epochs': 20, 'batch_size': 256, 'validation_split': 0.1, 'verbose': 0}",0.11350682377815247,0.11474540829658508,ExtraTrees,"{'max_depth': 20, 'n_estimators': 100}","{'precision': 0.9995897652285007, 'recall': 0.9998475877835746, 'f1-score': 0.9997186598832438, 'support': 85295.0}","{'precision': 0.8968253968253969, 'recall': 0.7635135135135135, 'f1-score': 0.8248175182481752, 'support': 148.0}",0.9994382219725431,"{'precision': 0.9482075810269488, 'recall': 0.8816805506485441, 'f1-score': 0.9122680890657096, 'support': 85443.0}","{'precision': 0.9994117620389632, 'recall': 0.9994382219725431, 'f1-score': 0.9994157050600052, 'support': 85443.0}"
128,64,8,"{'epochs': 20, 'batch_size': 256, 'validation_split': 0.1, 'verbose': 0}",0.11350682377815247,0.11474540829658508,ExtraTrees,"{'max_depth': 20, 'n_estimators': 200}","{'precision': 0.9995897700368035, 'recall': 0.9998593118002228, 'f1-score': 0.999724522750318, 'support': 85295.0}","{'precision': 0.904, 'recall': 0.7635135135135135, 'f1-score': 0.8278388278388278, 'support': 148.0}",0.9994499256814484,"{'precision': 0.9517948850184017, 'recall': 0.8816864126568682, 'f1-score': 0.9137816752945729, 'support': 85443.0}","{'precision': 0.9994241943200632, 'recall': 0.9994499256814484, 'f1-score': 0.9994267911298588, 'support': 85443.0}"
128,64,8,"{'epochs': 20, 'batch_size': 256, 'validation_split': 0.1, 'verbose': 0}",0.11350682377815247,0.11474540829658508,GradientBoosting,"{'learning_rate': 0.05, 'max_depth': 3, 'n_estimators': 100}","{'precision': 0.9991329412040401, 'recall': 0.9997303476170936, 'f1-score': 0.9994315551362216, 'support': 85295.0}","{'precision': 0.7628865979381443, 'recall': 0.5, 'f1-score': 0.6040816326530613, 'support': 148.0}",0.9988647402361809,"{'precision': 0.8810097695710921, 'recall': 0.7498651738085468, 'f1-score': 0.8017565938946414, 'support': 85443.0}","{'precision': 0.9987237273561724, 'recall': 0.9988647402361809, 'f1-score': 0.9987467501957642, 'support': 85443.0}"
128,64,8,"{'epochs': 20, 'batch_size': 256, 'validation_split': 0.1, 'verbose': 0}",0.11350682377815247,0.11474540829658508,GradientBoosting,"{'learning_rate': 0.05, 'max_depth': 3, 'n_estimators': 200}","{'precision': 0.9991329412040401, 'recall': 0.9997303476170936, 'f1-score': 0.9994315551362216, 'support': 85295.0}","{'precision': 0.7628865979381443, 'recall': 0.5, 'f1-score': 0.6040816326530613, 'support': 148.0}",0.9988647402361809,"{'precision': 0.8810097695710921, 'recall': 0.7498651738085468, 'f1-score': 0.8017565938946414, 'support': 85443.0}","{'precision': 0.9987237273561724, 'recall': 0.9988647402361809, 'f1-score': 0.9987467501957642, 'support': 85443.0}"
128,64,8,"{'epochs': 20, 'batch_size': 256, 'validation_split': 0.1, 'verbose': 0}",0.11350682377815247,0.11474540829658508,GradientBoosting,"{'learning_rate': 0.05, 'max_depth': 5, 'n_estimators': 100}","{'precision': 0.9993552773479627, 'recall': 0.9995075913007796, 'f1-score': 0.9994314285211866, 'support': 85295.0}","{'precision': 0.6888888888888889, 'recall': 0.6283783783783784, 'f1-score': 0.657243816254417, 'support': 148.0}",0.9988647402361809,"{'precision': 0.8441220831184257, 'recall': 0.8139429848395789, 'f1-score': 0.8283376223878018, 'support': 85443.0}","{'precision': 0.9988175033291204, 'recall': 0.9988647402361809, 'f1-score': 0.9988387086188483, 'support': 85443.0}"
128,64,8,"{'epochs': 20, 'batch_size': 256, 'validation_split': 0.1, 'verbose': 0}",0.11350682377815247,0.11474540829658508,GradientBoosting,"{'learning_rate': 0.05, 'max_depth': 5, 'n_estimators': 200}","{'precision': 0.9993552622324339, 'recall': 0.9994841432674835, 'f1-score': 0.9994196985949672, 'support': 85295.0}","{'precision': 0.6788321167883211, 'recall': 0.6283783783783784, 'f1-score': 0.6526315789473685, 'support': 148.0}",0.9988413328183702,"{'precision': 0.8390936895103775, 'recall': 0.813931260822931, 'f1-score': 0.8260256387711677, 'support': 85443.0}","{'precision': 0.9988000684128613, 'recall': 0.9988413328183702, 'f1-score': 0.9988190099287472, 'support': 85443.0}"
128,64,8,"{'epochs': 20, 'batch_size': 256, 'validation_split': 0.1, 'verbose': 0}",0.11350682377815247,0.11474540829658508,GradientBoosting,"{'learning_rate': 0.1, 'max_depth': 3, 'n_estimators': 100}","{'precision': 0.9990394414703574, 'recall': 0.9998827598335189, 'f1-score': 0.9994609227596067, 'support': 85295.0}","{'precision': 0.868421052631579, 'recall': 0.44594594594594594, 'f1-score': 0.5892857142857143, 'support': 148.0}",0.9989232587807076,"{'precision': 0.9337302470509682, 'recall': 0.7229143528897324, 'f1-score': 0.7943733185226605, 'support': 85443.0}","{'precision': 0.9988131909694604, 'recall': 0.9989232587807076, 'f1-score': 0.9987504382160616, 'support': 85443.0}"
128,64,8,"{'epochs': 20, 'batch_size': 256, 'validation_split': 0.1, 'verbose': 0}",0.11350682377815247,0.11474540829658508,GradientBoosting,"{'learning_rate': 0.1, 'max_depth': 3, 'n_estimators': 200}","{'precision': 0.9990745404917821, 'recall': 0.9998710358168709, 'f1-score': 0.9994726294694652, 'support': 85295.0}","{'precision': 0.8625, 'recall': 0.46621621621621623, 'f1-score': 0.6052631578947368, 'support': 148.0}",0.9989466661985184,"{'precision': 0.930787270245891, 'recall': 0.7330436260165436, 'f1-score': 0.802367893682101, 'support': 85443.0}","{'precision': 0.998837973049244, 'recall': 0.9989466661985184, 'f1-score': 0.998789799959815, 'support': 85443.0}"
128,64,8,"{'epochs': 20, 'batch_size': 256, 'validation_split': 0.1, 'verbose': 0}",0.11350682377815247,0.11474540829658508,GradientBoosting,"{'learning_rate': 0.1, 'max_depth': 5, 'n_estimators': 100}","{'precision': 0.9988871056546748, 'recall': 0.9996834515505012, 'f1-score': 0.9992851199474974, 'support': 85295.0}","{'precision': 0.6625, 'recall': 0.3581081081081081, 'f1-score': 0.4649122807017544, 'support': 148.0}",0.9985721475135471,"{'precision': 0.8306935528273374, 'recall': 0.6788957798293047, 'f1-score': 0.7320987003246259, 'support': 85443.0}","{'precision': 0.9983044330935885, 'recall': 0.9985721475135471, 'f1-score': 0.9983595066121935, 'support': 85443.0}"
128,64,8,"{'epochs': 20, 'batch_size': 256, 'validation_split': 0.1, 'verbose': 0}",0.11350682377815247,0.11474540829658508,GradientBoosting,"{'learning_rate': 0.1, 'max_depth': 5, 'n_estimators': 200}","{'precision': 0.998875404151633, 'recall': 0.9996834515505012, 'f1-score': 0.9992792644982099, 'support': 85295.0}","{'precision': 0.6582278481012658, 'recall': 0.35135135135135137, 'f1-score': 0.4581497797356828, 'support': 148.0}",0.9985604438046417,"{'precision': 0.8285516261264494, 'recall': 0.6755174014509263, 'f1-score': 0.7287145221169464, 'support': 85443.0}","{'precision': 0.9982853518560038, 'recall': 0.9985604438046417, 'f1-score': 0.9983419476466848, 'support': 85443.0}"
128,64,8,"{'epochs': 20, 'batch_size': 256, 'validation_split': 0.1, 'verbose': 0}",0.11350682377815247,0.11474540829658508,SVM,"{'C': 0.1, 'gamma': 'scale', 'kernel': 'rbf'}","{'precision': 0.9997152416886168, 'recall': 0.9878421947359165, 'f1-score': 0.9937432552763641, 'support': 85295.0}","{'precision': 0.10680447889750215, 'recall': 0.8378378378378378, 'f1-score': 0.1894576012223071, 'support': 148.0}",0.9875823648514214,"{'precision': 0.5532598602930595, 'recall': 0.9128400162868772, 'f1-score': 0.5916004282493356, 'support': 85443.0}","{'precision': 0.9981685872769848, 'recall': 0.9875823648514214, 'f1-score': 0.9923501127509379, 'support': 85443.0}"
128,64,8,"{'epochs': 20, 'batch_size': 256, 'validation_split': 0.1, 'verbose': 0}",0.11350682377815247,0.11474540829658508,SVM,"{'C': 0.1, 'gamma': 'auto', 'kernel': 'rbf'}","{'precision': 0.9993512773937864, 'recall': 0.9933407585438772, 'f1-score': 0.9963369532623458, 'support': 85295.0}","{'precision': 0.14069591527987896, 'recall': 0.6283783783783784, 'f1-score': 0.22991347342398022, 'support': 148.0}",0.9927085893519656,"{'precision': 0.5700235963368326, 'recall': 0.8108595684611277, 'f1-score': 0.6131252133431631, 'support': 85443.0}","{'precision': 0.9978639584373726, 'recall': 0.9927085893519656, 'f1-score': 0.99500939366102, 'support': 85443.0}"
128,64,8,"{'epochs': 20, 'batch_size': 256, 'validation_split': 0.1, 'verbose': 0}",0.11350682377815247,0.11474540829658508,SVM,"{'C': 1, 'gamma': 'scale', 'kernel': 'rbf'}","{'precision': 0.999631588329669, 'recall': 0.9861539363385896, 'f1-score': 0.9928470254957507, 'support': 85295.0}","{'precision': 0.0901386748844376, 'recall': 0.7905405405405406, 'f1-score': 0.16182572614107885, 'support': 148.0}",0.9858151048067132,"{'precision': 0.5448851316070533, 'recall': 0.8883472384395651, 'f1-score': 0.5773363758184148, 'support': 85443.0}","{'precision': 0.9980562111637233, 'recall': 0.9858151048067132, 'f1-score': 0.991407572851245, 'support': 85443.0}"
128,64,8,"{'epochs': 20, 'batch_size': 256, 'validation_split': 0.1, 'verbose': 0}",0.11350682377815247,0.11474540829658508,SVM,"{'C': 1, 'gamma': 'auto', 'kernel': 'rbf'}","{'precision': 0.9993414631278149, 'recall': 0.9963186587724955, 'f1-score': 0.997827771645962, 'support': 85295.0}","{'precision': 0.22660098522167488, 'recall': 0.6216216216216216, 'f1-score': 0.33212996389891697, 'support': 148.0}",0.9956696277050198,"{'precision': 0.6129712241747449, 'recall': 0.8089701401970586, 'f1-score': 0.6649788677724395, 'support': 85443.0}","{'precision': 0.9980029615451211, 'recall': 0.9956696277050198, 'f1-score': 0.9966746839085633, 'support': 85443.0}"
128,64,8,"{'epochs': 20, 'batch_size': 256, 'validation_split': 0.1, 'verbose': 0}",0.11350682377815247,0.11474540829658508,SVM,"{'C': 10, 'gamma': 'scale', 'kernel': 'rbf'}","{'precision': 0.9995032995103952, 'recall': 0.9908669910311273, 'f1-score': 0.995166408600378, 'support': 85295.0}","{'precision': 0.11977401129943503, 'recall': 0.7162162162162162, 'f1-score': 0.20522749273959343, 'support': 148.0}",0.990391254988706,"{'precision': 0.5596386554049151, 'recall': 0.8535416036236718, 'f1-score': 0.6001969506699857, 'support': 85443.0}","{'precision': 0.9979794773756945, 'recall': 0.990391254988706, 'f1-score': 0.9937981167619899, 'support': 85443.0}"
128,64,8,"{'epochs': 20, 'batch_size': 256, 'validation_split': 0.1, 'verbose': 0}",0.11350682377815247,0.11474540829658508,SVM,"{'C': 10, 'gamma': 'auto', 'kernel': 'rbf'}","{'precision': 0.9992960307869202, 'recall': 0.9985462219356351, 'f1-score': 0.9989209856561463, 'support': 85295.0}","{'precision': 0.41509433962264153, 'recall': 0.5945945945945946, 'f1-score': 0.4888888888888889, 'support': 148.0}",0.9978465175614152,"{'precision': 0.7071951852047809, 'recall': 0.7965704082651148, 'f1-score': 0.7439049372725176, 'support': 85443.0}","{'precision': 0.9982841064596809, 'recall': 0.9978465175614152, 'f1-score': 0.9980375341115896, 'support': 85443.0}"
128,64,8,"{'epochs': 20, 'batch_size': 256, 'validation_split': 0.1, 'verbose': 0}",0.11350682377815247,0.11474540829658508,LogisticRegression,{'C': 0.1},"{'precision': 0.9997133096017392, 'recall': 0.9811829532797937, 'f1-score': 0.9903614600405896, 'support': 85295.0}","{'precision': 0.07171775592828225, 'recall': 0.8378378378378378, 'f1-score': 0.1321257325519446, 'support': 148.0}",0.9809346581931814,"{'precision': 0.5357155327650107, 'recall': 0.9095103955588157, 'f1-score': 0.5612435962962671, 'support': 85443.0}","{'precision': 0.9981058831075423, 'recall': 0.9809346581931814, 'f1-score': 0.9888748679538379, 'support': 85443.0}"
128,64,8,"{'epochs': 20, 'batch_size': 256, 'validation_split': 0.1, 'verbose': 0}",0.11350682377815247,0.11474540829658508,LogisticRegression,{'C': 1},"{'precision': 0.9997133096017392, 'recall': 0.9811829532797937, 'f1-score': 0.9903614600405896, 'support': 85295.0}","{'precision': 0.07171775592828225, 'recall': 0.8378378378378378, 'f1-score': 0.1321257325519446, 'support': 148.0}",0.9809346581931814,"{'precision': 0.5357155327650107, 'recall': 0.9095103955588157, 'f1-score': 0.5612435962962671, 'support': 85443.0}","{'precision': 0.9981058831075423, 'recall': 0.9809346581931814, 'f1-score': 0.9888748679538379, 'support': 85443.0}"
128,64,8,"{'epochs': 20, 'batch_size': 256, 'validation_split': 0.1, 'verbose': 0}",0.11350682377815247,0.11474540829658508,LogisticRegression,{'C': 10},"{'precision': 0.9997133096017392, 'recall': 0.9811829532797937, 'f1-score': 0.9903614600405896, 'support': 85295.0}","{'precision': 0.07171775592828225, 'recall': 0.8378378378378378, 'f1-score': 0.1321257325519446, 'support': 148.0}",0.9809346581931814,"{'precision': 0.5357155327650107, 'recall': 0.9095103955588157, 'f1-score': 0.5612435962962671, 'support': 85443.0}","{'precision': 0.9981058831075423, 'recall': 0.9809346581931814, 'f1-score': 0.9888748679538379, 'support': 85443.0}"
128,64,8,"{'epochs': 20, 'batch_size': 256, 'validation_split': 0.1, 'verbose': 0}",0.11350682377815247,0.11474540829658508,KNN,{'n_neighbors': 3},"{'precision': 0.9995546335689087, 'recall': 0.9998827598335189, 'f1-score': 0.9997186697769286, 'support': 85295.0}","{'precision': 0.9166666666666666, 'recall': 0.7432432432432432, 'f1-score': 0.8208955223880597, 'support': 148.0}",0.9994382219725431,"{'precision': 0.9581106501177876, 'recall': 0.8715630015383811, 'f1-score': 0.9103070960824942, 'support': 85443.0}","{'precision': 0.9994110592667246, 'recall': 0.9994382219725431, 'f1-score': 0.999408921455667, 'support': 85443.0}"
128,64,8,"{'epochs': 20, 'batch_size': 256, 'validation_split': 0.1, 'verbose': 0}",0.11350682377815247,0.11474540829658508,KNN,{'n_neighbors': 5},"{'precision': 0.999542924113683, 'recall': 0.9998944838501671, 'f1-score': 0.9997186730746689, 'support': 85295.0}","{'precision': 0.923728813559322, 'recall': 0.7364864864864865, 'f1-score': 0.8195488721804511, 'support': 148.0}",0.9994382219725431,"{'precision': 0.9616358688365025, 'recall': 0.8681904851683269, 'f1-score': 0.9096337726275601, 'support': 85443.0}","{'precision': 0.9994116027841177, 'recall': 0.9994382219725431, 'f1-score': 0.9994065921489951, 'support': 85443.0}"
128,64,8,"{'epochs': 20, 'batch_size': 256, 'validation_split': 0.1, 'verbose': 0}",0.11350682377815247,0.11474540829658508,KNN,{'n_neighbors': 7},"{'precision': 0.9995311877358711, 'recall': 0.9998475877835746, 'f1-score': 0.9996893627246992, 'support': 85295.0}","{'precision': 0.8925619834710744, 'recall': 0.7297297297297297, 'f1-score': 0.8029739776951673, 'support': 148.0}",0.9993797034280163,"{'precision': 0.9460465856034728, 'recall': 0.8647886587566522, 'f1-score': 0.9013316702099332, 'support': 85443.0}","{'precision': 0.9993459011444455, 'recall': 0.9993797034280163, 'f1-score': 0.999348622383368, 'support': 85443.0}"
128,64,8,"{'epochs': 20, 'batch_size': 256, 'validation_split': 0.1, 'verbose': 0}",0.11350682377815247,0.11474540829658508,MLP,"{'alpha': 0.0001, 'hidden_layer_sizes': (64,)}","{'precision': 0.9994725862028551, 'recall': 0.9997889677003341, 'f1-score': 0.9996307519180386, 'support': 85295.0}","{'precision': 0.8512396694214877, 'recall': 0.6959459459459459, 'f1-score': 0.7657992565055762, 'support': 148.0}",0.9992626663389628,"{'precision': 0.9253561278121714, 'recall': 0.84786745682314, 'f1-score': 0.8827150042118075, 'support': 85443.0}","{'precision': 0.9992158247164412, 'recall': 0.9992626663389628, 'f1-score': 0.9992257209462674, 'support': 85443.0}"
128,64,8,"{'epochs': 20, 'batch_size': 256, 'validation_split': 0.1, 'verbose': 0}",0.11350682377815247,0.11474540829658508,MLP,"{'alpha': 0.0001, 'hidden_layer_sizes': (128, 64)}","{'precision': 0.9995779749832948, 'recall': 0.9996717275338531, 'f1-score': 0.9996248490603641, 'support': 85295.0}","{'precision': 0.8, 'recall': 0.7567567567567568, 'f1-score': 0.7777777777777778, 'support': 148.0}",0.9992509626300574,"{'precision': 0.8997889874916474, 'recall': 0.878214242145305, 'f1-score': 0.8887013134190709, 'support': 85443.0}","{'precision': 0.9992322762098723, 'recall': 0.9992509626300574, 'f1-score': 0.9992405768958822, 'support': 85443.0}"
128,64,8,"{'epochs': 20, 'batch_size': 256, 'validation_split': 0.1, 'verbose': 0}",0.11350682377815247,0.11474540829658508,MLP,"{'alpha': 0.001, 'hidden_layer_sizes': (64,)}","{'precision': 0.9994374318765163, 'recall': 0.999765519667038, 'f1-score': 0.9996014488506488, 'support': 85295.0}","{'precision': 0.8333333333333334, 'recall': 0.6756756756756757, 'f1-score': 0.746268656716418, 'support': 148.0}",0.999204147794436,"{'precision': 0.9163853826049249, 'recall': 0.8377205976713569, 'f1-score': 0.8729350527835333, 'support': 85443.0}","{'precision': 0.9991497148419506, 'recall': 0.999204147794436, 'f1-score': 0.9991626387288615, 'support': 85443.0}"
128,64,8,"{'epochs': 20, 'batch_size': 256, 'validation_split': 0.1, 'verbose': 0}",0.11350682377815247,0.11474540829658508,MLP,"{'alpha': 0.001, 'hidden_layer_sizes': (128, 64)}","{'precision': 0.9995662724043748, 'recall': 0.9997068995837974, 'f1-score': 0.9996365810482878, 'support': 85295.0}","{'precision': 0.8161764705882353, 'recall': 0.75, 'f1-score': 0.7816901408450704, 'support': 148.0}",0.9992743700478681,"{'precision': 0.907871371496305, 'recall': 0.8748534497918987, 'f1-score': 0.8906633609466791, 'support': 85443.0}","{'precision': 0.9992486139575882, 'recall': 0.9992743700478681, 'f1-score': 0.9992590653577095, 'support': 85443.0}"
64,32,8,"{'epochs': 20, 'batch_size': 256, 'validation_split': 0.1, 'verbose': 0}",0.1877789944410324,0.18376360833644867,RandomForest,"{'max_depth': None, 'n_estimators': 100}","{'precision': 0.9995195124809563, 'recall': 0.9999296559001114, 'f1-score': 0.9997245421245421, 'support': 85295.0}","{'precision': 0.9469026548672567, 'recall': 0.722972972972973, 'f1-score': 0.8199233716475096, 'support': 148.0}",0.9994499256814484,"{'precision': 0.9732110836741065, 'recall': 0.8614513144365422, 'f1-score': 0.9098239568860258, 'support': 85443.0}","{'precision': 0.9994283722479725, 'recall': 0.9994499256814484, 'f1-score': 0.9994130997216466, 'support': 85443.0}"
64,32,8,"{'epochs': 20, 'batch_size': 256, 'validation_split': 0.1, 'verbose': 0}",0.1877789944410324,0.18376360833644867,RandomForest,"{'max_depth': None, 'n_estimators': 200}","{'precision': 0.99950779904138, 'recall': 0.9999296559001114, 'f1-score': 0.9997186829674258, 'support': 85295.0}","{'precision': 0.9464285714285714, 'recall': 0.7162162162162162, 'f1-score': 0.8153846153846154, 'support': 148.0}",0.9994382219725431,"{'precision': 0.9729681852349756, 'recall': 0.8580729360581638, 'f1-score': 0.9075516491760206, 'support': 85443.0}","{'precision': 0.9994158579147026, 'recall': 0.9994382219725431, 'f1-score': 0.9993993889117132, 'support': 85443.0}"
64,32,8,"{'epochs': 20, 'batch_size': 256, 'validation_split': 0.1, 'verbose': 0}",0.1877789944410324,0.18376360833644867,RandomForest,"{'max_depth': 10, 'n_estimators': 100}","{'precision': 0.9995662571508956, 'recall': 0.9996717275338531, 'f1-score': 0.9996189895603139, 'support': 85295.0}","{'precision': 0.7985611510791367, 'recall': 0.75, 'f1-score': 0.7735191637630662, 'support': 148.0}",0.9992392589211521,"{'precision': 0.8990637041150162, 'recall': 0.8748358637669266, 'f1-score': 0.88656907666169, 'support': 85443.0}","{'precision': 0.9992180863739026, 'recall': 0.9992392589211521, 'f1-score': 0.999227350991701, 'support': 85443.0}"
64,32,8,"{'epochs': 20, 'batch_size': 256, 'validation_split': 0.1, 'verbose': 0}",0.1877789944410324,0.18376360833644867,RandomForest,"{'max_depth': 10, 'n_estimators': 200}","{'precision': 0.9995545448151361, 'recall': 0.9996834515505012, 'f1-score': 0.9996189940269987, 'support': 85295.0}","{'precision': 0.8029197080291971, 'recall': 0.7432432432432432, 'f1-score': 0.7719298245614035, 'support': 148.0}",0.9992392589211521,"{'precision': 0.9012371264221666, 'recall': 0.8714633473968723, 'f1-score': 0.885774409294201, 'support': 85443.0}","{'precision': 0.9992139439953578, 'recall': 0.9992392589211521, 'f1-score': 0.9992246024784702, 'support': 85443.0}"
64,32,8,"{'epochs': 20, 'batch_size': 256, 'validation_split': 0.1, 'verbose': 0}",0.1877789944410324,0.18376360833644867,RandomForest,"{'max_depth': 20, 'n_estimators': 100}","{'precision': 0.9995195124809563, 'recall': 0.9999296559001114, 'f1-score': 0.9997245421245421, 'support': 85295.0}","{'precision': 0.9469026548672567, 'recall': 0.722972972972973, 'f1-score': 0.8199233716475096, 'support': 148.0}",0.9994499256814484,"{'precision': 0.9732110836741065, 'recall': 0.8614513144365422, 'f1-score': 0.9098239568860258, 'support': 85443.0}","{'precision': 0.9994283722479725, 'recall': 0.9994499256814484, 'f1-score': 0.9994130997216466, 'support': 85443.0}"
64,32,8,"{'epochs': 20, 'batch_size': 256, 'validation_split': 0.1, 'verbose': 0}",0.1877789944410324,0.18376360833644867,RandomForest,"{'max_depth': 20, 'n_estimators': 200}","{'precision': 0.9995195012188262, 'recall': 0.9999062078668152, 'f1-score': 0.9997128171465746, 'support': 85295.0}","{'precision': 0.9304347826086956, 'recall': 0.722972972972973, 'f1-score': 0.8136882129277566, 'support': 148.0}",0.9994265182636377,"{'precision': 0.9649771419137609, 'recall': 0.8614395904198942, 'f1-score': 0.9067005150371656, 'support': 85443.0}","{'precision': 0.9993998361982359, 'recall': 0.9994265182636377, 'f1-score': 0.9993905948296571, 'support': 85443.0}"
64,32,8,"{'epochs': 20, 'batch_size': 256, 'validation_split': 0.1, 'verbose': 0}",0.1877789944410324,0.18376360833644867,ExtraTrees,"{'max_depth': None, 'n_estimators': 100}","{'precision': 0.9995195012188262, 'recall': 0.9999062078668152, 'f1-score': 0.9997128171465746, 'support': 85295.0}","{'precision': 0.9304347826086956, 'recall': 0.722972972972973, 'f1-score': 0.8136882129277566, 'support': 148.0}",0.9994265182636377,"{'precision': 0.9649771419137609, 'recall': 0.8614395904198942, 'f1-score': 0.9067005150371656, 'support': 85443.0}","{'precision': 0.9993998361982359, 'recall': 0.9994265182636377, 'f1-score': 0.9993905948296571, 'support': 85443.0}"
64,32,8,"{'epochs': 20, 'batch_size': 256, 'validation_split': 0.1, 'verbose': 0}",0.1877789944410324,0.18376360833644867,ExtraTrees,"{'max_depth': None, 'n_estimators': 200}","{'precision': 0.9995195012188262, 'recall': 0.9999062078668152, 'f1-score': 0.9997128171465746, 'support': 85295.0}","{'precision': 0.9304347826086956, 'recall': 0.722972972972973, 'f1-score': 0.8136882129277566, 'support': 148.0}",0.9994265182636377,"{'precision': 0.9649771419137609, 'recall': 0.8614395904198942, 'f1-score': 0.9067005150371656, 'support': 85443.0}","{'precision': 0.9993998361982359, 'recall': 0.9994265182636377, 'f1-score': 0.9993905948296571, 'support': 85443.0}"
64,32,8,"{'epochs': 20, 'batch_size': 256, 'validation_split': 0.1, 'verbose': 0}",0.1877789944410324,0.18376360833644867,ExtraTrees,"{'max_depth': 10, 'n_estimators': 100}","{'precision': 0.9996244792583465, 'recall': 0.9986869101354124, 'f1-score': 0.999155474752214, 'support': 85295.0}","{'precision': 0.5087719298245614, 'recall': 0.7837837837837838, 'f1-score': 0.6170212765957447, 'support': 148.0}",0.9983146659176293,"{'precision': 0.7541982045414539, 'recall': 0.8912353469595982, 'f1-score': 0.8080883756739794, 'support': 85443.0}","{'precision': 0.9987742495459511, 'recall': 0.9983146659176293, 'f1-score': 0.9984935614143495, 'support': 85443.0}"
64,32,8,"{'epochs': 20, 'batch_size': 256, 'validation_split': 0.1, 'verbose': 0}",0.1877789944410324,0.18376360833644867,ExtraTrees,"{'max_depth': 10, 'n_estimators': 200}","{'precision': 0.9996244528160171, 'recall': 0.9986165660355237, 'f1-score': 0.9991202552432787, 'support': 85295.0}","{'precision': 0.49572649572649574, 'recall': 0.7837837837837838, 'f1-score': 0.6073298429319371, 'support': 148.0}",0.9982444436641972,"{'precision': 0.7476754742712564, 'recall': 0.8912001749096538, 'f1-score': 0.803225049087608, 'support': 85443.0}","{'precision': 0.9987516265148659, 'recall': 0.9982444436641972, 'f1-score': 0.998441615904514, 'support': 85443.0}"
64,32,8,"{'epochs': 20, 'batch_size': 256, 'validation_split': 0.1, 'verbose': 0}",0.1877789944410324,0.18376360833644867,ExtraTrees,"{'max_depth': 20, 'n_estimators': 100}","{'precision': 0.9995546074685295, 'recall': 0.9998241397502784, 'f1-score': 0.9996893554418479, 'support': 85295.0}","{'precision': 0.88, 'recall': 0.7432432432432432, 'f1-score': 0.8058608058608059, 'support': 148.0}",0.9993797034280163,"{'precision': 0.9397773037342647, 'recall': 0.8715336914967609, 'f1-score': 0.9027750806513268, 'support': 85443.0}","{'precision': 0.9993475210845619, 'recall': 0.9993797034280163, 'f1-score': 0.999353615529415, 'support': 85443.0}"
64,32,8,"{'epochs': 20, 'batch_size': 256, 'validation_split': 0.1, 'verbose': 0}",0.1877789944410324,0.18376360833644867,ExtraTrees,"{'max_depth': 20, 'n_estimators': 200}","{'precision': 0.9995545918068335, 'recall': 0.9997889677003341, 'f1-score': 0.99967176601606, 'support': 85295.0}","{'precision': 0.859375, 'recall': 0.7432432432432432, 'f1-score': 0.7971014492753623, 'support': 148.0}",0.9993445923013002,"{'precision': 0.9294647959034168, 'recall': 0.8715161054717886, 'f1-score': 0.8983866076457112, 'support': 85443.0}","{'precision': 0.9993117798785607, 'recall': 0.9993445923013002, 'f1-score': 0.9993208840611002, 'support': 85443.0}"
64,32,8,"{'epochs': 20, 'batch_size': 256, 'validation_split': 0.1, 'verbose': 0}",0.1877789944410324,0.18376360833644867,GradientBoosting,"{'learning_rate': 0.05, 'max_depth': 3, 'n_estimators': 100}","{'precision': 0.9992149142850447, 'recall': 0.9997537956503898, 'f1-score': 0.9994842823319815, 'support': 85295.0}","{'precision': 0.7941176470588235, 'recall': 0.5472972972972973, 'f1-score': 0.648, 'support': 148.0}",0.9989700736163291,"{'precision': 0.8966662806719341, 'recall': 0.7735255464738435, 'f1-score': 0.8237421411659908, 'support': 85443.0}","{'precision': 0.9988596552755356, 'recall': 0.9989700736163291, 'f1-score': 0.9988754592126488, 'support': 85443.0}"
64,32,8,"{'epochs': 20, 'batch_size': 256, 'validation_split': 0.1, 'verbose': 0}",0.1877789944410324,0.18376360833644867,GradientBoosting,"{'learning_rate': 0.05, 'max_depth': 3, 'n_estimators': 200}","{'precision': 0.9992383229042162, 'recall': 0.9997420716337417, 'f1-score': 0.9994901337959246, 'support': 85295.0}","{'precision': 0.7904761904761904, 'recall': 0.5608108108108109, 'f1-score': 0.6561264822134387, 'support': 148.0}",0.9989817773252344,"{'precision': 0.8948572566902033, 'recall': 0.7802764412222762, 'f1-score': 0.8278083080046816, 'support': 85443.0}","{'precision': 0.9988767158024132, 'recall': 0.9989817773252344, 'f1-score': 0.998895376818358, 'support': 85443.0}"
64,32,8,"{'epochs': 20, 'batch_size': 256, 'validation_split': 0.1, 'verbose': 0}",0.1877789944410324,0.18376360833644867,GradientBoosting,"{'learning_rate': 0.05, 'max_depth': 5, 'n_estimators': 100}","{'precision': 0.9993553831368228, 'recall': 0.9996717275338531, 'f1-score': 0.9995135303047176, 'support': 85295.0}","{'precision': 0.768595041322314, 'recall': 0.6283783783783784, 'f1-score': 0.6914498141263941, 'support': 148.0}",0.9990285921608558,"{'precision': 0.8839752122295684, 'recall': 0.8140250529561157, 'f1-score': 0.8454816722155558, 'support': 85443.0}","{'precision': 0.9989556718604333, 'recall': 0.9990285921608558, 'f1-score': 0.9989799180720667, 'support': 85443.0}"
64,32,8,"{'epochs': 20, 'batch_size': 256, 'validation_split': 0.1, 'verbose': 0}",0.1877789944410324,0.18376360833644867,GradientBoosting,"{'learning_rate': 0.05, 'max_depth': 5, 'n_estimators': 200}","{'precision': 0.9993787582197321, 'recall': 0.9995896594173164, 'f1-score': 0.9994841976929569, 'support': 85295.0}","{'precision': 0.7307692307692307, 'recall': 0.6418918918918919, 'f1-score': 0.6834532374100719, 'support': 148.0}",0.9989700736163291,"{'precision': 0.8650739944944814, 'recall': 0.8207407756546041, 'f1-score': 0.8414687175515144, 'support': 85443.0}","{'precision': 0.9989134865173964, 'recall': 0.9989700736163291, 'f1-score': 0.998936785007051, 'support': 85443.0}"
64,32,8,"{'epochs': 20, 'batch_size': 256, 'validation_split': 0.1, 'verbose': 0}",0.1877789944410324,0.18376360833644867,GradientBoosting,"{'learning_rate': 0.1, 'max_depth': 3, 'n_estimators': 100}","{'precision': 0.9990508887665069, 'recall': 0.9996131074506126, 'f1-score': 0.9993319190332751, 'support': 85295.0}","{'precision': 0.67, 'recall': 0.4527027027027027, 'f1-score': 0.5403225806451613, 'support': 148.0}",0.9986657771847899,"{'precision': 0.8345254443832535, 'recall': 0.7261579050766577, 'f1-score': 0.7698272498392182, 'support': 85443.0}","{'precision': 0.9984809236255657, 'recall': 0.9986657771847899, 'f1-score': 0.998536846504438, 'support': 85443.0}"
64,32,8,"{'epochs': 20, 'batch_size': 256, 'validation_split': 0.1, 'verbose': 0}",0.1877789944410324,0.18376360833644867,GradientBoosting,"{'learning_rate': 0.1, 'max_depth': 3, 'n_estimators': 200}","{'precision': 0.9990508887665069, 'recall': 0.9996131074506126, 'f1-score': 0.9993319190332751, 'support': 85295.0}","{'precision': 0.67, 'recall': 0.4527027027027027, 'f1-score': 0.5403225806451613, 'support': 148.0}",0.9986657771847899,"{'precision': 0.8345254443832535, 'recall': 0.7261579050766577, 'f1-score': 0.7698272498392182, 'support': 85443.0}","{'precision': 0.9984809236255657, 'recall': 0.9986657771847899, 'f1-score': 0.998536846504438, 'support': 85443.0}"
64,32,8,"{'epochs': 20, 'batch_size': 256, 'validation_split': 0.1, 'verbose': 0}",0.1877789944410324,0.18376360833644867,GradientBoosting,"{'learning_rate': 0.1, 'max_depth': 5, 'n_estimators': 100}","{'precision': 0.9992732813690441, 'recall': 0.9995075913007796, 'f1-score': 0.9993904226012543, 'support': 85295.0}","{'precision': 0.671875, 'recall': 0.581081081081081, 'f1-score': 0.6231884057971014, 'support': 148.0}",0.9987828142738434,"{'precision': 0.8355741406845221, 'recall': 0.7902943361909303, 'f1-score': 0.8112894141991779, 'support': 85443.0}","{'precision': 0.9987061787902183, 'recall': 0.9987828142738434, 'f1-score': 0.9987387846849006, 'support': 85443.0}"
64,32,8,"{'epochs': 20, 'batch_size': 256, 'validation_split': 0.1, 'verbose': 0}",0.1877789944410324,0.18376360833644867,GradientBoosting,"{'learning_rate': 0.1, 'max_depth': 5, 'n_estimators': 200}","{'precision': 0.9992732813690441, 'recall': 0.9995075913007796, 'f1-score': 0.9993904226012543, 'support': 85295.0}","{'precision': 0.671875, 'recall': 0.581081081081081, 'f1-score': 0.6231884057971014, 'support': 148.0}",0.9987828142738434,"{'precision': 0.8355741406845221, 'recall': 0.7902943361909303, 'f1-score': 0.8112894141991779, 'support': 85443.0}","{'precision': 0.9987061787902183, 'recall': 0.9987828142738434, 'f1-score': 0.9987387846849006, 'support': 85443.0}"
64,32,8,"{'epochs': 20, 'batch_size': 256, 'validation_split': 0.1, 'verbose': 0}",0.1877789944410324,0.18376360833644867,SVM,"{'C': 0.1, 'gamma': 'scale', 'kernel': 'rbf'}","{'precision': 0.9996451509882545, 'recall': 0.990831818981183, 'f1-score': 0.9952189733746276, 'support': 85295.0}","{'precision': 0.13111111111111112, 'recall': 0.7972972972972973, 'f1-score': 0.22519083969465647, 'support': 148.0}",0.9904965883688541,"{'precision': 0.5653781310496828, 'recall': 0.8940645581392401, 'f1-score': 0.610204906534642, 'support': 85443.0}","{'precision': 0.9981407206908419, 'recall': 0.9904965883688541, 'f1-score': 0.9938851699760504, 'support': 85443.0}"
64,32,8,"{'epochs': 20, 'batch_size': 256, 'validation_split': 0.1, 'verbose': 0}",0.1877789944410324,0.18376360833644867,SVM,"{'C': 0.1, 'gamma': 'auto', 'kernel': 'rbf'}","{'precision': 0.9994812177234891, 'recall': 0.9938448912597456, 'f1-score': 0.9966550858567154, 'support': 85295.0}","{'precision': 0.16534181240063592, 'recall': 0.7027027027027027, 'f1-score': 0.2676962676962677, 'support': 148.0}",0.9933405896328547,"{'precision': 0.5824115150620625, 'recall': 0.8482737969812242, 'f1-score': 0.6321756767764916, 'support': 85443.0}","{'precision': 0.9980363640551045, 'recall': 0.9933405896328547, 'f1-score': 0.995392420628578, 'support': 85443.0}"
64,32,8,"{'epochs': 20, 'batch_size': 256, 'validation_split': 0.1, 'verbose': 0}",0.1877789944410324,0.18376360833644867,SVM,"{'C': 1, 'gamma': 'scale', 'kernel': 'rbf'}","{'precision': 0.9996089815747379, 'recall': 0.9890614924673193, 'f1-score': 0.99430726619129, 'support': 85295.0}","{'precision': 0.10973282442748092, 'recall': 0.777027027027027, 'f1-score': 0.19230769230769232, 'support': 148.0}",0.9886942171974299,"{'precision': 0.5546709030011094, 'recall': 0.8830442597471732, 'f1-score': 0.5933074792494911, 'support': 85443.0}","{'precision': 0.9980675835519883, 'recall': 0.9886942171974299, 'f1-score': 0.9929180834971572, 'support': 85443.0}"
64,32,8,"{'epochs': 20, 'batch_size': 256, 'validation_split': 0.1, 'verbose': 0}",0.1877789944410324,0.18376360833644867,SVM,"{'C': 1, 'gamma': 'auto', 'kernel': 'rbf'}","{'precision': 0.9994362160701911, 'recall': 0.9976083006037869, 'f1-score': 0.9985214217820388, 'support': 85295.0}","{'precision': 0.32894736842105265, 'recall': 0.6756756756756757, 'f1-score': 0.4424778761061947, 'support': 148.0}",0.9970506653558513,"{'precision': 0.6641917922456219, 'recall': 0.8366419881397313, 'f1-score': 0.7204996489441168, 'support': 85443.0}","{'precision': 0.99827482953821, 'recall': 0.9970506653558513, 'f1-score': 0.99755827155604, 'support': 85443.0}"
64,32,8,"{'epochs': 20, 'batch_size': 256, 'validation_split': 0.1, 'verbose': 0}",0.1877789944410324,0.18376360833644867,SVM,"{'C': 10, 'gamma': 'scale', 'kernel': 'rbf'}","{'precision': 0.9995498856946566, 'recall': 0.9893311448502257, 'f1-score': 0.9944142636608964, 'support': 85295.0}","{'precision': 0.10784313725490197, 'recall': 0.7432432432432432, 'f1-score': 0.18835616438356165, 'support': 148.0}",0.9889048839577262,"{'precision': 0.5536965114747793, 'recall': 0.8662871940467345, 'f1-score': 0.591385214022229, 'support': 85443.0}","{'precision': 0.9980053168151805, 'recall': 0.9889048839577262, 'f1-score': 0.9930180509963943, 'support': 85443.0}"
64,32,8,"{'epochs': 20, 'batch_size': 256, 'validation_split': 0.1, 'verbose': 0}",0.1877789944410324,0.18376360833644867,SVM,"{'C': 10, 'gamma': 'auto', 'kernel': 'rbf'}","{'precision': 0.9993901294802027, 'recall': 0.9990269066182074, 'f1-score': 0.9992084850403673, 'support': 85295.0}","{'precision': 0.5363128491620112, 'recall': 0.6486486486486487, 'f1-score': 0.5871559633027523, 'support': 148.0}",0.9984199992977775,"{'precision': 0.7678514893211069, 'recall': 0.823837777633428, 'f1-score': 0.7931822241715598, 'support': 85443.0}","{'precision': 0.9985880106701528, 'recall': 0.9984199992977775, 'f1-score': 0.9984947487106836, 'support': 85443.0}"
64,32,8,"{'epochs': 20, 'batch_size': 256, 'validation_split': 0.1, 'verbose': 0}",0.1877789944410324,0.18376360833644867,LogisticRegression,{'C': 0.1},"{'precision': 0.9997005952167092, 'recall': 0.9786505656838033, 'f1-score': 0.9890635923077834, 'support': 85295.0}","{'precision': 0.06327160493827161, 'recall': 0.831081081081081, 'f1-score': 0.11759082217973231, 'support': 148.0}",0.97839495336072,"{'precision': 0.5314861000774904, 'recall': 0.9048658233824421, 'f1-score': 0.5533272072437578, 'support': 85443.0}","{'precision': 0.998078560754422, 'recall': 0.97839495336072, 'f1-score': 0.9875540716919465, 'support': 85443.0}"
64,32,8,"{'epochs': 20, 'batch_size': 256, 'validation_split': 0.1, 'verbose': 0}",0.1877789944410324,0.18376360833644867,LogisticRegression,{'C': 1},"{'precision': 0.9997005952167092, 'recall': 0.9786505656838033, 'f1-score': 0.9890635923077834, 'support': 85295.0}","{'precision': 0.06327160493827161, 'recall': 0.831081081081081, 'f1-score': 0.11759082217973231, 'support': 148.0}",0.97839495336072,"{'precision': 0.5314861000774904, 'recall': 0.9048658233824421, 'f1-score': 0.5533272072437578, 'support': 85443.0}","{'precision': 0.998078560754422, 'recall': 0.97839495336072, 'f1-score': 0.9875540716919465, 'support': 85443.0}"
64,32,8,"{'epochs': 20, 'batch_size': 256, 'validation_split': 0.1, 'verbose': 0}",0.1877789944410324,0.18376360833644867,LogisticRegression,{'C': 10},"{'precision': 0.9997005952167092, 'recall': 0.9786505656838033, 'f1-score': 0.9890635923077834, 'support': 85295.0}","{'precision': 0.06327160493827161, 'recall': 0.831081081081081, 'f1-score': 0.11759082217973231, 'support': 148.0}",0.97839495336072,"{'precision': 0.5314861000774904, 'recall': 0.9048658233824421, 'f1-score': 0.5533272072437578, 'support': 85443.0}","{'precision': 0.998078560754422, 'recall': 0.97839495336072, 'f1-score': 0.9875540716919465, 'support': 85443.0}"
64,32,8,"{'epochs': 20, 'batch_size': 256, 'validation_split': 0.1, 'verbose': 0}",0.1877789944410324,0.18376360833644867,KNN,{'n_neighbors': 3},"{'precision': 0.9995312097133348, 'recall': 0.9998944838501671, 'f1-score': 0.9997128137802498, 'support': 85295.0}","{'precision': 0.9230769230769231, 'recall': 0.7297297297297297, 'f1-score': 0.8150943396226416, 'support': 148.0}",0.9994265182636377,"{'precision': 0.9613040663951289, 'recall': 0.8648121067899484, 'f1-score': 0.9074035767014457, 'support': 85443.0}","{'precision': 0.9993987795034617, 'recall': 0.9994265182636377, 'f1-score': 0.9993930270899964, 'support': 85443.0}"
64,32,8,"{'epochs': 20, 'batch_size': 256, 'validation_split': 0.1, 'verbose': 0}",0.1877789944410324,0.18376360833644867,KNN,{'n_neighbors': 5},"{'precision': 0.9994960799709367, 'recall': 0.9999179318834632, 'f1-score': 0.999706961424402, 'support': 85295.0}","{'precision': 0.9375, 'recall': 0.7094594594594594, 'f1-score': 0.8076923076923077, 'support': 148.0}",0.9994148145547324,"{'precision': 0.9684980399854684, 'recall': 0.8546886956714613, 'f1-score': 0.9036996345583548, 'support': 85443.0}","{'precision': 0.9993886935280953, 'recall': 0.9994148145547324, 'f1-score': 0.9993743634497014, 'support': 85443.0}"
64,32,8,"{'epochs': 20, 'batch_size': 256, 'validation_split': 0.1, 'verbose': 0}",0.1877789944410324,0.18376360833644867,KNN,{'n_neighbors': 7},"{'precision': 0.9994960445355991, 'recall': 0.9998475877835746, 'f1-score': 0.9996717852537803, 'support': 85295.0}","{'precision': 0.8898305084745762, 'recall': 0.7094594594594594, 'f1-score': 0.7894736842105263, 'support': 148.0}",0.9993445923013002,"{'precision': 0.9446632765050877, 'recall': 0.854653523621517, 'f1-score': 0.8945727347321533, 'support': 85443.0}","{'precision': 0.9993060874959699, 'recall': 0.9993445923013002, 'f1-score': 0.9993076908404942, 'support': 85443.0}"
64,32,8,"{'epochs': 20, 'batch_size': 256, 'validation_split': 0.1, 'verbose': 0}",0.1877789944410324,0.18376360833644867,MLP,"{'alpha': 0.0001, 'hidden_layer_sizes': (64,)}","{'precision': 0.9995545552585924, 'recall': 0.9997068995837974, 'f1-score': 0.9996307216168532, 'support': 85295.0}","{'precision': 0.8148148148148148, 'recall': 0.7432432432432432, 'f1-score': 0.7773851590106007, 'support': 148.0}",0.9992626663389628,"{'precision': 0.9071846850367036, 'recall': 0.8714750714135203, 'f1-score': 0.8885079403137269, 'support': 85443.0}","{'precision': 0.9992345585170727, 'recall': 0.9992626663389628, 'f1-score': 0.9992457592060562, 'support': 85443.0}"
64,32,8,"{'epochs': 20, 'batch_size': 256, 'validation_split': 0.1, 'verbose': 0}",0.1877789944410324,0.18376360833644867,MLP,"{'alpha': 0.0001, 'hidden_layer_sizes': (128, 64)}","{'precision': 0.999566267320001, 'recall': 0.9996951755671493, 'f1-score': 0.9996307172877064, 'support': 85295.0}","{'precision': 0.8102189781021898, 'recall': 0.75, 'f1-score': 0.7789473684210526, 'support': 148.0}",0.9992626663389628,"{'precision': 0.9048926227110954, 'recall': 0.8748475877835746, 'f1-score': 0.8892890428543795, 'support': 85443.0}","{'precision': 0.9992382896178575, 'recall': 0.9992626663389628, 'f1-score': 0.9992484608637481, 'support': 85443.0}"
64,32,8,"{'epochs': 20, 'batch_size': 256, 'validation_split': 0.1, 'verbose': 0}",0.1877789944410324,0.18376360833644867,MLP,"{'alpha': 0.001, 'hidden_layer_sizes': (64,)}","{'precision': 0.9995427740717727, 'recall': 0.9995662113840201, 'f1-score': 0.9995544925905083, 'support': 85295.0}","{'precision': 0.7465753424657534, 'recall': 0.7364864864864865, 'f1-score': 0.7414965986394558, 'support': 148.0}",0.9991105181231933,"{'precision': 0.8730590582687631, 'recall': 0.8680263489352533, 'f1-score': 0.8705255456149821, 'support': 85443.0}","{'precision': 0.999104596808829, 'recall': 0.9991105181231933, 'f1-score': 0.9991074978887217, 'support': 85443.0}"
64,32,8,"{'epochs': 20, 'batch_size': 256, 'validation_split': 0.1, 'verbose': 0}",0.1877789944410324,0.18376360833644867,MLP,"{'alpha': 0.001, 'hidden_layer_sizes': (128, 64)}","{'precision': 0.9995662622355079, 'recall': 0.9996834515505012, 'f1-score': 0.9996248534583821, 'support': 85295.0}","{'precision': 0.8043478260869565, 'recall': 0.75, 'f1-score': 0.7762237762237763, 'support': 148.0}",0.9992509626300574,"{'precision': 0.9019570441612322, 'recall': 0.8748417257752505, 'f1-score': 0.8879243148410791, 'support': 85443.0}","{'precision': 0.999228114832561, 'recall': 0.9992509626300574, 'f1-score': 0.999237889524172, 'support': 85443.0}"
128,64,16,"{'epochs': 20, 'batch_size': 256, 'validation_split': 0.1, 'verbose': 0}",0.036802712827920914,0.04025581479072571,RandomForest,"{'max_depth': None, 'n_estimators': 100}","{'precision': 0.9994960858763419, 'recall': 0.9999296559001114, 'f1-score': 0.9997128238789875, 'support': 85295.0}","{'precision': 0.9459459459459459, 'recall': 0.7094594594594594, 'f1-score': 0.8108108108108109, 'support': 148.0}",0.9994265182636377,"{'precision': 0.9727210159111439, 'recall': 0.8546945576797854, 'f1-score': 0.9052618173448992, 'support': 85443.0}","{'precision': 0.999403329059403, 'recall': 0.9994265182636377, 'f1-score': 0.9993856174614449, 'support': 85443.0}"
128,64,16,"{'epochs': 20, 'batch_size': 256, 'validation_split': 0.1, 'verbose': 0}",0.036802712827920914,0.04025581479072571,RandomForest,"{'max_depth': None, 'n_estimators': 200}","{'precision': 0.9995077932731747, 'recall': 0.9999179318834632, 'f1-score': 0.9997128205128205, 'support': 85295.0}","{'precision': 0.9380530973451328, 'recall': 0.7162162162162162, 'f1-score': 0.8122605363984674, 'support': 148.0}",0.9994265182636377,"{'precision': 0.9687804453091537, 'recall': 0.8580670740498397, 'f1-score': 0.905986678455644, 'support': 85443.0}","{'precision': 0.9994013445881175, 'recall': 0.9994265182636377, 'f1-score': 0.9993881252417168, 'support': 85443.0}"
128,64,16,"{'epochs': 20, 'batch_size': 256, 'validation_split': 0.1, 'verbose': 0}",0.036802712827920914,0.04025581479072571,RandomForest,"{'max_depth': 10, 'n_estimators': 100}","{'precision': 0.9996129123070426, 'recall': 0.9991089747347441, 'f1-score': 0.9993608799920256, 'support': 85295.0}","{'precision': 0.6020942408376964, 'recall': 0.777027027027027, 'f1-score': 0.6784660766961652, 'support': 148.0}",0.9987242957293166,"{'precision': 0.8008535765723694, 'recall': 0.8880680008808856, 'f1-score': 0.8389134783440955, 'support': 85443.0}","{'precision': 0.9989243507703753, 'recall': 0.9987242957293166, 'f1-score': 0.9988050424057076, 'support': 85443.0}"
128,64,16,"{'epochs': 20, 'batch_size': 256, 'validation_split': 0.1, 'verbose': 0}",0.036802712827920914,0.04025581479072571,RandomForest,"{'max_depth': 10, 'n_estimators': 200}","{'precision': 0.9996011917329393, 'recall': 0.9991206987513922, 'f1-score': 0.9993608874868806, 'support': 85295.0}","{'precision': 0.6031746031746031, 'recall': 0.7702702702702703, 'f1-score': 0.6765578635014837, 'support': 148.0}",0.9987242957293166,"{'precision': 0.8013878974537711, 'recall': 0.8846954845108312, 'f1-score': 0.8379593754941821, 'support': 85443.0}","{'precision': 0.9989145218465046, 'recall': 0.9987242957293166, 'f1-score': 0.9988017445781597, 'support': 85443.0}"
128,64,16,"{'epochs': 20, 'batch_size': 256, 'validation_split': 0.1, 'verbose': 0}",0.036802712827920914,0.04025581479072571,RandomForest,"{'max_depth': 20, 'n_estimators': 100}","{'precision': 0.9995311932304303, 'recall': 0.9998593118002228, 'f1-score': 0.9996952255916727, 'support': 85295.0}","{'precision': 0.9, 'recall': 0.7297297297297297, 'f1-score': 0.8059701492537313, 'support': 148.0}",0.9993914071369217,"{'precision': 0.9497655966152152, 'recall': 0.8647945207649763, 'f1-score': 0.902832687422702, 'support': 85443.0}","{'precision': 0.9993587903817697, 'recall': 0.9993914071369217, 'f1-score': 0.9993596649103059, 'support': 85443.0}"
128,64,16,"{'epochs': 20, 'batch_size': 256, 'validation_split': 0.1, 'verbose': 0}",0.036802712827920914,0.04025581479072571,RandomForest,"{'max_depth': 20, 'n_estimators': 200}","{'precision': 0.9995311877358711, 'recall': 0.9998475877835746, 'f1-score': 0.9996893627246992, 'support': 85295.0}","{'precision': 0.8925619834710744, 'recall': 0.7297297297297297, 'f1-score': 0.8029739776951673, 'support': 148.0}",0.9993797034280163,"{'precision': 0.9460465856034728, 'recall': 0.8647886587566522, 'f1-score': 0.9013316702099332, 'support': 85443.0}","{'precision': 0.9993459011444455, 'recall': 0.9993797034280163, 'f1-score': 0.999348622383368, 'support': 85443.0}"
128,64,16,"{'epochs': 20, 'batch_size': 256, 'validation_split': 0.1, 'verbose': 0}",0.036802712827920914,0.04025581479072571,ExtraTrees,"{'max_depth': None, 'n_estimators': 100}","{'precision': 0.9995078163451848, 'recall': 0.9999648279500557, 'f1-score': 0.9997362699189469, 'support': 85295.0}","{'precision': 0.9724770642201835, 'recall': 0.7162162162162162, 'f1-score': 0.8249027237354085, 'support': 148.0}",0.9994733330992591,"{'precision': 0.9859924402826842, 'recall': 0.858090522083136, 'f1-score': 0.9123194968271777, 'support': 85443.0}","{'precision': 0.999460995057139, 'recall': 0.9994733330992591, 'f1-score': 0.9994334321810964, 'support': 85443.0}"
128,64,16,"{'epochs': 20, 'batch_size': 256, 'validation_split': 0.1, 'verbose': 0}",0.036802712827920914,0.04025581479072571,ExtraTrees,"{'max_depth': None, 'n_estimators': 200}","{'precision': 0.9995195293731616, 'recall': 0.9999648279500557, 'f1-score': 0.9997421290761188, 'support': 85295.0}","{'precision': 0.9727272727272728, 'recall': 0.722972972972973, 'f1-score': 0.8294573643410853, 'support': 148.0}",0.9994850368081645,"{'precision': 0.9861234010502171, 'recall': 0.8614689004615144, 'f1-score': 0.914599746708602, 'support': 85443.0}","{'precision': 0.9994731211948018, 'recall': 0.9994850368081645, 'f1-score': 0.9994471705051323, 'support': 85443.0}"
128,64,16,"{'epochs': 20, 'batch_size': 256, 'validation_split': 0.1, 'verbose': 0}",0.036802712827920914,0.04025581479072571,ExtraTrees,"{'max_depth': 10, 'n_estimators': 100}","{'precision': 0.9997059411647082, 'recall': 0.9964476229556246, 'f1-score': 0.9980741227864155, 'support': 85295.0}","{'precision': 0.2887323943661972, 'recall': 0.831081081081081, 'f1-score': 0.42857142857142855, 'support': 148.0}",0.9961611834790445,"{'precision': 0.6442191677654527, 'recall': 0.9137643520183528, 'f1-score': 0.713322775678922, 'support': 85443.0}","{'precision': 0.9984744291049, 'recall': 0.9961611834790445, 'f1-score': 0.9970876593108374, 'support': 85443.0}"
128,64,16,"{'epochs': 20, 'batch_size': 256, 'validation_split': 0.1, 'verbose': 0}",0.036802712827920914,0.04025581479072571,ExtraTrees,"{'max_depth': 10, 'n_estimators': 200}","{'precision': 0.9997060034103604, 'recall': 0.9966586552552905, 'f1-score': 0.9981800035225739, 'support': 85295.0}","{'precision': 0.3014705882352941, 'recall': 0.831081081081081, 'f1-score': 0.44244604316546765, 'support': 148.0}",0.9963718502393408,"{'precision': 0.6505882958228273, 'recall': 0.9138698681681858, 'f1-score': 0.7203130233440207, 'support': 85443.0}","{'precision': 0.9984965556914611, 'recall': 0.9963718502393408, 'f1-score': 0.9972173895444497, 'support': 85443.0}"
128,64,16,"{'epochs': 20, 'batch_size': 256, 'validation_split': 0.1, 'verbose': 0}",0.036802712827920914,0.04025581479072571,ExtraTrees,"{'max_depth': 20, 'n_estimators': 100}","{'precision': 0.9995780195048762, 'recall': 0.999777243683686, 'f1-score': 0.999677621668513, 'support': 85295.0}","{'precision': 0.8549618320610687, 'recall': 0.7567567567567568, 'f1-score': 0.8028673835125448, 'support': 148.0}",0.9993562960102056,"{'precision': 0.9272699257829724, 'recall': 0.8782670002202214, 'f1-score': 0.9012725025905289, 'support': 85443.0}","{'precision': 0.9993275227322712, 'recall': 0.9993562960102056, 'f1-score': 0.9993367170274414, 'support': 85443.0}"
128,64,16,"{'epochs': 20, 'batch_size': 256, 'validation_split': 0.1, 'verbose': 0}",0.036802712827920914,0.04025581479072571,ExtraTrees,"{'max_depth': 20, 'n_estimators': 200}","{'precision': 0.99955461268885, 'recall': 0.9998358637669266, 'f1-score': 0.9996952184463174, 'support': 85295.0}","{'precision': 0.8870967741935484, 'recall': 0.7432432432432432, 'f1-score': 0.8088235294117647, 'support': 148.0}",0.9993914071369217,"{'precision': 0.9433256934411992, 'recall': 0.8715395535050849, 'f1-score': 0.904259373929041, 'support': 85443.0}","{'precision': 0.9993598189655808, 'recall': 0.9993914071369217, 'f1-score': 0.9993646002566807, 'support': 85443.0}"
128,64,16,"{'epochs': 20, 'batch_size': 256, 'validation_split': 0.1, 'verbose': 0}",0.036802712827920914,0.04025581479072571,GradientBoosting,"{'learning_rate': 0.05, 'max_depth': 3, 'n_estimators': 100}","{'precision': 0.9991681604630183, 'recall': 0.9998475877835746, 'f1-score': 0.9995077586611035, 'support': 85295.0}","{'precision': 0.8555555555555555, 'recall': 0.5202702702702703, 'f1-score': 0.6470588235294118, 'support': 148.0}",0.9990168884519505,"{'precision': 0.9273618580092868, 'recall': 0.7600589290269224, 'f1-score': 0.8232832910952577, 'support': 85443.0}","{'precision': 0.9989194020448179, 'recall': 0.9990168884519505, 'f1-score': 0.9988972646194677, 'support': 85443.0}"
128,64,16,"{'epochs': 20, 'batch_size': 256, 'validation_split': 0.1, 'verbose': 0}",0.036802712827920914,0.04025581479072571,GradientBoosting,"{'learning_rate': 0.05, 'max_depth': 3, 'n_estimators': 200}","{'precision': 0.9991564542962251, 'recall': 0.9998475877835746, 'f1-score': 0.9995019015640291, 'support': 85295.0}","{'precision': 0.8539325842696629, 'recall': 0.5135135135135135, 'f1-score': 0.6413502109704642, 'support': 148.0}",0.9990051847430451,"{'precision': 0.926544519282944, 'recall': 0.7566805506485441, 'f1-score': 0.8204260562672466, 'support': 85443.0}","{'precision': 0.9989049049268921, 'recall': 0.9990051847430451, 'f1-score': 0.9988815295006903, 'support': 85443.0}"
128,64,16,"{'epochs': 20, 'batch_size': 256, 'validation_split': 0.1, 'verbose': 0}",0.036802712827920914,0.04025581479072571,GradientBoosting,"{'learning_rate': 0.05, 'max_depth': 5, 'n_estimators': 100}","{'precision': 0.999285027778429, 'recall': 0.9995544873673721, 'f1-score': 0.9994197394102442, 'support': 85295.0}","{'precision': 0.696, 'recall': 0.5878378378378378, 'f1-score': 0.6373626373626373, 'support': 148.0}",0.9988413328183702,"{'precision': 0.8476425138892145, 'recall': 0.7936961626026049, 'f1-score': 0.8183911883864408, 'support': 85443.0}","{'precision': 0.9987596929457194, 'recall': 0.9988413328183702, 'f1-score': 0.998792602592681, 'support': 85443.0}"
128,64,16,"{'epochs': 20, 'batch_size': 256, 'validation_split': 0.1, 'verbose': 0}",0.036802712827920914,0.04025581479072571,GradientBoosting,"{'learning_rate': 0.05, 'max_depth': 5, 'n_estimators': 200}","{'precision': 0.9991778344158514, 'recall': 0.9973738202708248, 'f1-score': 0.9982750123213405, 'support': 85295.0}","{'precision': 0.2582781456953642, 'recall': 0.527027027027027, 'f1-score': 0.3466666666666667, 'support': 148.0}",0.9965591095818265,"{'precision': 0.6287279900556078, 'recall': 0.7622004236489259, 'f1-score': 0.6724708394940035, 'support': 85443.0}","{'precision': 0.9978944858216934, 'recall': 0.9965591095818265, 'f1-score': 0.9971463296304601, 'support': 85443.0}"
128,64,16,"{'epochs': 20, 'batch_size': 256, 'validation_split': 0.1, 'verbose': 0}",0.036802712827920914,0.04025581479072571,GradientBoosting,"{'learning_rate': 0.1, 'max_depth': 3, 'n_estimators': 100}","{'precision': 0.9987702037947997, 'recall': 0.999765519667038, 'f1-score': 0.9992676138860407, 'support': 85295.0}","{'precision': 0.6825396825396826, 'recall': 0.2905405405405405, 'f1-score': 0.4075829383886256, 'support': 148.0}",0.998537036386831,"{'precision': 0.8406549431672412, 'recall': 0.6451530301037892, 'f1-score': 0.7034252761373332, 'support': 85443.0}","{'precision': 0.9982224454395716, 'recall': 0.998537036386831, 'f1-score': 0.9982427279155853, 'support': 85443.0}"
128,64,16,"{'epochs': 20, 'batch_size': 256, 'validation_split': 0.1, 'verbose': 0}",0.036802712827920914,0.04025581479072571,GradientBoosting,"{'learning_rate': 0.1, 'max_depth': 3, 'n_estimators': 200}","{'precision': 0.9987702037947997, 'recall': 0.999765519667038, 'f1-score': 0.9992676138860407, 'support': 85295.0}","{'precision': 0.6825396825396826, 'recall': 0.2905405405405405, 'f1-score': 0.4075829383886256, 'support': 148.0}",0.998537036386831,"{'precision': 0.8406549431672412, 'recall': 0.6451530301037892, 'f1-score': 0.7034252761373332, 'support': 85443.0}","{'precision': 0.9982224454395716, 'recall': 0.998537036386831, 'f1-score': 0.9982427279155853, 'support': 85443.0}"
128,64,16,"{'epochs': 20, 'batch_size': 256, 'validation_split': 0.1, 'verbose': 0}",0.036802712827920914,0.04025581479072571,GradientBoosting,"{'learning_rate': 0.1, 'max_depth': 5, 'n_estimators': 100}","{'precision': 0.9994257386290388, 'recall': 0.9998006917169823, 'f1-score': 0.9996131800119562, 'support': 85295.0}","{'precision': 0.853448275862069, 'recall': 0.668918918918919, 'f1-score': 0.75, 'support': 148.0}",0.9992275552122467,"{'precision': 0.9264370072455539, 'recall': 0.8343598053179506, 'f1-score': 0.874806590005978, 'support': 85443.0}","{'precision': 0.9991728839248557, 'recall': 0.9992275552122467, 'f1-score': 0.9991808128122819, 'support': 85443.0}"
128,64,16,"{'epochs': 20, 'batch_size': 256, 'validation_split': 0.1, 'verbose': 0}",0.036802712827920914,0.04025581479072571,GradientBoosting,"{'learning_rate': 0.1, 'max_depth': 5, 'n_estimators': 200}","{'precision': 0.9994257386290388, 'recall': 0.9998006917169823, 'f1-score': 0.9996131800119562, 'support': 85295.0}","{'precision': 0.853448275862069, 'recall': 0.668918918918919, 'f1-score': 0.75, 'support': 148.0}",0.9992275552122467,"{'precision': 0.9264370072455539, 'recall': 0.8343598053179506, 'f1-score': 0.874806590005978, 'support': 85443.0}","{'precision': 0.9991728839248557, 'recall': 0.9992275552122467, 'f1-score': 0.9991808128122819, 'support': 85443.0}"
128,64,16,"{'epochs': 20, 'batch_size': 256, 'validation_split': 0.1, 'verbose': 0}",0.036802712827920914,0.04025581479072571,SVM,"{'C': 0.1, 'gamma': 'scale', 'kernel': 'rbf'}","{'precision': 0.9997041910216059, 'recall': 0.9905504425816285, 'f1-score': 0.9951062664523082, 'support': 85295.0}","{'precision': 0.13240043057050593, 'recall': 0.831081081081081, 'f1-score': 0.22841225626740946, 'support': 148.0}",0.9902742178996524,"{'precision': 0.5660523107960559, 'recall': 0.9108157618313548, 'f1-score': 0.6117592613598588, 'support': 85443.0}","{'precision': 0.9982018917513701, 'recall': 0.9902742178996524, 'f1-score': 0.9937782382521353, 'support': 85443.0}"
128,64,16,"{'epochs': 20, 'batch_size': 256, 'validation_split': 0.1, 'verbose': 0}",0.036802712827920914,0.04025581479072571,SVM,"{'C': 0.1, 'gamma': 'auto', 'kernel': 'rbf'}","{'precision': 0.999458345599058, 'recall': 0.9951228090743889, 'f1-score': 0.9972858653507226, 'support': 85295.0}","{'precision': 0.1969111969111969, 'recall': 0.6891891891891891, 'f1-score': 0.3063063063063063, 'support': 148.0}",0.9945928864857273,"{'precision': 0.5981847712551275, 'recall': 0.8421559991317891, 'f1-score': 0.6517960858285144, 'support': 85443.0}","{'precision': 0.9980682144238205, 'recall': 0.9945928864857273, 'f1-score': 0.9960889858551691, 'support': 85443.0}"
128,64,16,"{'epochs': 20, 'batch_size': 256, 'validation_split': 0.1, 'verbose': 0}",0.036802712827920914,0.04025581479072571,SVM,"{'C': 1, 'gamma': 'scale', 'kernel': 'rbf'}","{'precision': 0.9996568697051446, 'recall': 0.9905269945483323, 'f1-score': 0.9950709906896491, 'support': 85295.0}","{'precision': 0.12837108953613807, 'recall': 0.8040540540540541, 'f1-score': 0.2213953488372093, 'support': 148.0}",0.9902039956462203,"{'precision': 0.5640139796206414, 'recall': 0.8972905243011932, 'f1-score': 0.6082331697634292, 'support': 85443.0}","{'precision': 0.998147672983763, 'recall': 0.9902039956462203, 'f1-score': 0.9937308692637375, 'support': 85443.0}"
128,64,16,"{'epochs': 20, 'batch_size': 256, 'validation_split': 0.1, 'verbose': 0}",0.036802712827920914,0.04025581479072571,SVM,"{'C': 1, 'gamma': 'auto', 'kernel': 'rbf'}","{'precision': 0.9994011483860362, 'recall': 0.997854504953397, 'f1-score': 0.9986272278215161, 'support': 85295.0}","{'precision': 0.3464285714285714, 'recall': 0.6554054054054054, 'f1-score': 0.4532710280373832, 'support': 148.0}",0.9972613321161476,"{'precision': 0.6729148599073038, 'recall': 0.8266299551794012, 'f1-score': 0.7259491279294497, 'support': 85443.0}","{'precision': 0.9982701026433809, 'recall': 0.9972613321161476, 'f1-score': 0.9976825896701397, 'support': 85443.0}"
128,64,16,"{'epochs': 20, 'batch_size': 256, 'validation_split': 0.1, 'verbose': 0}",0.036802712827920914,0.04025581479072571,SVM,"{'C': 10, 'gamma': 'scale', 'kernel': 'rbf'}","{'precision': 0.9995409766604286, 'recall': 0.9956503898235536, 'f1-score': 0.9975918899552444, 'support': 85295.0}","{'precision': 0.22708333333333333, 'recall': 0.7364864864864865, 'f1-score': 0.3471337579617834, 'support': 148.0}",0.9952014793488057,"{'precision': 0.613312154996881, 'recall': 0.8660684381550201, 'f1-score': 0.6723628239585139, 'support': 85443.0}","{'precision': 0.9982029649893449, 'recall': 0.9952014793488057, 'f1-score': 0.9964651996057127, 'support': 85443.0}"
128,64,16,"{'epochs': 20, 'batch_size': 256, 'validation_split': 0.1, 'verbose': 0}",0.036802712827920914,0.04025581479072571,SVM,"{'C': 10, 'gamma': 'auto', 'kernel': 'rbf'}","{'precision': 0.9993668065945921, 'recall': 0.999214490884577, 'f1-score': 0.9992906429354486, 'support': 85295.0}","{'precision': 0.5838509316770186, 'recall': 0.6351351351351351, 'f1-score': 0.6084142394822006, 'support': 148.0}",0.9985838512224524,"{'precision': 0.7916088691358054, 'recall': 0.8171748130098561, 'f1-score': 0.8038524412088246, 'support': 85443.0}","{'precision': 0.998647071221445, 'recall': 0.9985838512224524, 'f1-score': 0.9986135867961382, 'support': 85443.0}"
128,64,16,"{'epochs': 20, 'batch_size': 256, 'validation_split': 0.1, 'verbose': 0}",0.036802712827920914,0.04025581479072571,LogisticRegression,{'C': 0.1},"{'precision': 0.9997354783633325, 'recall': 0.9748168122398734, 'f1-score': 0.9871189096780321, 'support': 85295.0}","{'precision': 0.055408970976253295, 'recall': 0.8513513513513513, 'f1-score': 0.10404624277456648, 'support': 148.0}",0.9746029516753859,"{'precision': 0.5275722246697929, 'recall': 0.9130840817956123, 'f1-score': 0.5455825762262992, 'support': 85443.0}","{'precision': 0.9980997642253306, 'recall': 0.9746029516753859, 'f1-score': 0.9855892963135469, 'support': 85443.0}"
128,64,16,"{'epochs': 20, 'batch_size': 256, 'validation_split': 0.1, 'verbose': 0}",0.036802712827920914,0.04025581479072571,LogisticRegression,{'C': 1},"{'precision': 0.9997354751827626, 'recall': 0.9748050882232253, 'f1-score': 0.9871128971940426, 'support': 85295.0}","{'precision': 0.055384615384615386, 'recall': 0.8513513513513513, 'f1-score': 0.1040033016921172, 'support': 148.0}",0.9745912479664806,"{'precision': 0.527560045283689, 'recall': 0.9130782197872883, 'f1-score': 0.5455580994430799, 'support': 85443.0}","{'precision': 0.9980997188627584, 'recall': 0.9745912479664806, 'f1-score': 0.9855832198637255, 'support': 85443.0}"
128,64,16,"{'epochs': 20, 'batch_size': 256, 'validation_split': 0.1, 'verbose': 0}",0.036802712827920914,0.04025581479072571,LogisticRegression,{'C': 10},"{'precision': 0.9997354688213933, 'recall': 0.9747816401899291, 'f1-score': 0.9871008720119197, 'support': 85295.0}","{'precision': 0.05533596837944664, 'recall': 0.8513513513513513, 'f1-score': 0.10391752577319588, 'support': 148.0}",0.9745678405486699,"{'precision': 0.5275357186004199, 'recall': 0.9130664957706403, 'f1-score': 0.5455091988925578, 'support': 85443.0}","{'precision': 0.9980996282485506, 'recall': 0.9745678405486699, 'f1-score': 0.9855710669343435, 'support': 85443.0}"
128,64,16,"{'epochs': 20, 'batch_size': 256, 'validation_split': 0.1, 'verbose': 0}",0.036802712827920914,0.04025581479072571,KNN,{'n_neighbors': 3},"{'precision': 0.9995898036917668, 'recall': 0.9999413799167595, 'f1-score': 0.9997655608955573, 'support': 85295.0}","{'precision': 0.9576271186440678, 'recall': 0.7635135135135135, 'f1-score': 0.849624060150376, 'support': 148.0}",0.9995318516437859,"{'precision': 0.9786084611679173, 'recall': 0.8817274467151365, 'f1-score': 0.9246948105229666, 'support': 85443.0}","{'precision': 0.9995171180722654, 'recall': 0.9995318516437859, 'f1-score': 0.999505493457496, 'support': 85443.0}"
128,64,16,"{'epochs': 20, 'batch_size': 256, 'validation_split': 0.1, 'verbose': 0}",0.036802712827920914,0.04025581479072571,KNN,{'n_neighbors': 5},"{'precision': 0.9995897988842529, 'recall': 0.9999296559001114, 'f1-score': 0.9997596985095446, 'support': 85295.0}","{'precision': 0.9495798319327731, 'recall': 0.7635135135135135, 'f1-score': 0.846441947565543, 'support': 148.0}",0.9995201479348805,"{'precision': 0.974584815408513, 'recall': 0.8817215847068125, 'f1-score': 0.9231008230375438, 'support': 85443.0}","{'precision': 0.9995031741741092, 'recall': 0.9995201479348805, 'f1-score': 0.9994941293331381, 'support': 85443.0}"
128,64,16,"{'epochs': 20, 'batch_size': 256, 'validation_split': 0.1, 'verbose': 0}",0.036802712827920914,0.04025581479072571,KNN,{'n_neighbors': 7},"{'precision': 0.9995663588204959, 'recall': 0.9999062078668152, 'f1-score': 0.9997362544616953, 'support': 85295.0}","{'precision': 0.9327731092436975, 'recall': 0.75, 'f1-score': 0.8314606741573034, 'support': 148.0}",0.9994733330992591,"{'precision': 0.9661697340320967, 'recall': 0.8749531039334075, 'f1-score': 0.9155984643094994, 'support': 85443.0}","{'precision': 0.9994506629655123, 'recall': 0.9994733330992591, 'f1-score': 0.9994447760973465, 'support': 85443.0}"
128,64,16,"{'epochs': 20, 'batch_size': 256, 'validation_split': 0.1, 'verbose': 0}",0.036802712827920914,0.04025581479072571,MLP,"{'alpha': 0.0001, 'hidden_layer_sizes': (64,)}","{'precision': 0.9994492359613762, 'recall': 0.9999296559001114, 'f1-score': 0.9996893882119896, 'support': 85295.0}","{'precision': 0.9439252336448598, 'recall': 0.6824324324324325, 'f1-score': 0.792156862745098, 'support': 148.0}",0.9993797034280163,"{'precision': 0.971687234803118, 'recall': 0.8411810441662719, 'f1-score': 0.8959231254785438, 'support': 85443.0}","{'precision': 0.999353060120841, 'recall': 0.9993797034280163, 'f1-score': 0.9993299109725541, 'support': 85443.0}"
128,64,16,"{'epochs': 20, 'batch_size': 256, 'validation_split': 0.1, 'verbose': 0}",0.036802712827920914,0.04025581479072571,MLP,"{'alpha': 0.0001, 'hidden_layer_sizes': (128, 64)}","{'precision': 0.9995194843246411, 'recall': 0.9998710358168709, 'f1-score': 0.9996952291642246, 'support': 85295.0}","{'precision': 0.9067796610169492, 'recall': 0.722972972972973, 'f1-score': 0.8045112781954887, 'support': 148.0}",0.9993914071369217,"{'precision': 0.9531495726707951, 'recall': 0.8614220043949219, 'f1-score': 0.9021032536798567, 'support': 85443.0}","{'precision': 0.9993588451400438, 'recall': 0.9993914071369217, 'f1-score': 0.9993571414947446, 'support': 85443.0}"
128,64,16,"{'epochs': 20, 'batch_size': 256, 'validation_split': 0.1, 'verbose': 0}",0.036802712827920914,0.04025581479072571,MLP,"{'alpha': 0.001, 'hidden_layer_sizes': (64,)}","{'precision': 0.9994960622538909, 'recall': 0.9998827598335189, 'f1-score': 0.9996893736483358, 'support': 85295.0}","{'precision': 0.9130434782608695, 'recall': 0.7094594594594594, 'f1-score': 0.7984790874524715, 'support': 148.0}",0.9993797034280163,"{'precision': 0.9562697702573801, 'recall': 0.8546711096464892, 'f1-score': 0.8990842305504037, 'support': 85443.0}","{'precision': 0.9993463135040697, 'recall': 0.9993797034280163, 'f1-score': 0.9993408474688126, 'support': 85443.0}"
128,64,16,"{'epochs': 20, 'batch_size': 256, 'validation_split': 0.1, 'verbose': 0}",0.036802712827920914,0.04025581479072571,MLP,"{'alpha': 0.001, 'hidden_layer_sizes': (128, 64)}","{'precision': 0.9995663130750747, 'recall': 0.9998006917169823, 'f1-score': 0.9996834886583436, 'support': 85295.0}","{'precision': 0.8671875, 'recall': 0.75, 'f1-score': 0.8043478260869565, 'support': 148.0}",0.9993679997191109,"{'precision': 0.9333769065375374, 'recall': 0.8749003458584912, 'f1-score': 0.9020156573726501, 'support': 85443.0}","{'precision': 0.9993370132572417, 'recall': 0.9993679997191109, 'f1-score': 0.9993451382017753, 'support': 85443.0}"
